<?xml version="1.0" encoding="UTF-8"?>

<datasources>
  <local-tx-datasource>
    <jndi-name>eProtDS</jndi-name>
    <connection-url>jdbc:postgresql://localhost:5432/db_fenice</connection-url>
 
 <driver-class>org.postgresql.Driver</driver-class>
    <user-name>fenice</user-name>
    <password>fenice</password>
      <metadata>
         <type-mapping>PostgreSQL 8.0</type-mapping>
      </metadata>
  </local-tx-datasource>
  <min-pool-size>10</min-pool-size>
  <max-pool-size>80</max-pool-size>
</datasources>

